,NetID,Last Name,First Name,Email Address,Ceiling Score,Final Grade
0,ara97741,Adams,Amy,amy.adams@univ.edu,75.0,C
1,cxa22039,Allen,Christina,christina.allen@univ.edu,79.0,C
2,dma58910,Anderson,Daisy,daisy.anderson@univ.edu,71.0,C
3,lba53221,Anderson,Lauren,lauren.anderson@univ.edu,74.0,C
4,bmb94857,Bailey,Belinda,belinda.bailey@univ.edu,79.0,C
5,lxb98047,Baldwin,Lucas,lucas.baldwin@univ.edu,82.0,B
6,wxb12345,Barrera,Woody,woody.barrera_jr@univ.edu,75.0,C
7,nsb43944,Bates,Nathan,nathan.bates@univ.edu,77.0,C
8,jxb40799,Bauer,John,john.bauer@univ.edu,77.0,C
9,djb29817,Beck,David,david.beck@univ.edu,67.0,D
10,rjb91830,Bennett,Richard,richard.bennett@univ.edu,79.0,C
11,mxb67936,Benton,Michael,michael.benton@univ.edu,77.0,C
12,vkb66346,Boyd,Victoria,victoria.boyd@univ.edu,73.0,C
13,lmb95641,Brock,Lauren,lauren.brock@univ.edu,81.0,B
14,ksb85997,Brown,Kelsey,kelsey.brown@univ.edu,79.0,C
15,bxb28023,Bryan,Bradley,bradley.bryan@univ.edu,78.0,C
16,cxc08121,Campbell,Charles,charles.campbell@univ.edu,84.0,B
17,lxc64780,Carter,Lorraine,lorraine.carter@univ.edu,78.0,C
18,sxc85021,Cervantes,Scott,scott.cervantes@univ.edu,79.0,C
19,jgc21028,Clark,Jill,jill.clark@univ.edu,78.0,C
20,amc28428,Cooper,Adam,adam.cooper@univ.edu,78.0,C
21,axc64717,Curry,Alec,alec.curry@univ.edu,81.0,B
22,wad63934,Daniel,William,william.daniel@univ.edu,77.0,C
23,axd11293,Daniels,Amber,amber.daniels@univ.edu,81.0,B
24,lxd16906,Davidson,Luke,luke.davidson@univ.edu,74.0,C
25,djd31335,Delgado,Desiree,desiree.delgado@univ.edu,69.0,D
26,cxd92501,Dennis,Cameron,cameron.dennis@univ.edu,67.0,D
27,rxd55884,Dennis,Rachel,rachel.dennis@univ.edu,75.0,C
28,rxd29805,Douglas,Robert,robert.douglas@univ.edu,76.0,C
29,eed42850,Dudley,Emily,emily.dudley@univ.edu,73.0,C
30,exd72538,Duffy,Erin,erin.duffy@univ.edu,78.0,C
31,axd31221,Dunlap,Angela,angela.dunlap@univ.edu,76.0,C
32,axd67070,Dunn,Amy,amy.dunn@univ.edu,80.0,B
33,nxe44872,Edwards,Nicole,nicole.edwards@univ.edu,78.0,C
34,tce09928,Edwards,Timothy,timothy.edwards@univ.edu,69.0,D
35,rge65208,Elliott,Richard,richard.elliott@univ.edu,77.0,C
36,pxe53402,Evans,Patricia,patricia.evans@univ.edu,73.0,C
37,kxf45205,Faulkner,Katelyn,katelyn.faulkner@univ.edu,75.0,C
38,bcf26283,Flores,Brandon,brandon.flores@univ.edu,78.0,C
39,rcf61653,Flores,Russell,russell.flores@univ.edu,81.0,B
40,jgf12345,Flower,Gregg,john.g.2.flower@univ.edu,73.0,C
41,axf16145,Foster,Ashlee,ashlee.foster@univ.edu,80.0,B
42,txf41578,Foster,Tommy,tommy.foster@univ.edu,73.0,C
43,llf55044,Friedman,Linda,linda.friedman@univ.edu,73.0,C
44,dsg54218,Garcia,Desiree,desiree.garcia@univ.edu,76.0,C
45,jag55224,Garza,Jessica,jessica.garza@univ.edu,77.0,C
46,hxg56446,Glover,Heidi,heidi.glover@univ.edu,73.0,C
47,mjg41514,Gonzalez,Matthew,matthew.gonzalez@univ.edu,76.0,C
48,smg03171,Good,Sherry,sherry.good@univ.edu,73.0,C
49,lxg35058,Gordon,Lori,lori.gordon@univ.edu,79.0,C
50,bjg14618,Graham,Benjamin,benjamin.graham@univ.edu,73.0,C
51,abg77872,Greer,April,april.greer@univ.edu,80.0,B
52,cxg21963,Guzman,Cynthia,cynthia.guzman@univ.edu,73.0,C
53,jlh15029,Harris,John,john.harris@univ.edu,86.0,B
54,cxh80084,Hart,Colleen,colleen.hart@univ.edu,70.0,C
55,thh29195,Hernandez,Taylor,taylor.hernandez@univ.edu,80.0,B
56,chh70562,Holt,Crystal,crystal.holt@univ.edu,78.0,C
57,edh14938,Houston,Emily,emily.houston@univ.edu,78.0,C
58,bch39598,Hunt,Brett,brett.hunt@univ.edu,79.0,C
59,mjj83180,James,Margaret,margaret.james@univ.edu,81.0,B
60,dxj78877,Johnson,Dylan,dylan.johnson@univ.edu,74.0,C
61,jxj82678,Johnson,Jamie,jamie.johnson@univ.edu,82.0,B
62,pmj37756,Johnson,Paul,paul.johnson@univ.edu,80.0,B
63,smj00936,Johnson,Stacy,stacy.johnson@univ.edu,77.0,C
64,txj17476,Johnson,Tara,tara.johnson@univ.edu,80.0,B
65,rsj94156,Johnston,Robert,robert.johnston@univ.edu,74.0,C
66,dcj14616,Jones,Daniel,daniel.jones@univ.edu,72.0,C
67,mxj54725,Jones,Michele,michele.jones@univ.edu,73.0,C
68,sxj49423,Jones,Sarah,sarah.jones@univ.edu,83.0,B
69,txj12345,Joyce,Traci,traci.joyce@univ.edu,72.0,C
70,pmk49230,King,Paige,paige.king@univ.edu,84.0,B
71,mxl12345,Lambert,Malaika,malaika.lambert@univ.edu,80.0,B
72,dsl24347,Lee,Danielle,danielle.lee@univ.edu,75.0,C
73,mxl67812,Lee,Michelle,michelle.lee@univ.edu,80.0,B
74,tgl37922,Leon,Tammy,tammy.leon@univ.edu,78.0,C
75,axl60952,Lester,Aaron,aaron.lester@univ.edu,71.0,C
76,msl77920,Lopez,Mark,mark.lopez@univ.edu,77.0,C
77,nxm87406,Mann,Nicole,nicole.mann@univ.edu,86.0,B
78,sgm04582,Marshall,Shawn,shawn.marshall@univ.edu,72.0,C
79,asm59771,Martin,Ashley,ashley.martin@univ.edu,72.0,C
80,kxm62826,Mccall,Kimberly,kimberly.mccall@univ.edu,79.0,C
81,axm26865,Miller,Anthony,anthony.miller@univ.edu,78.0,C
82,jxm83777,Miller,Jorge,jorge.miller@univ.edu,80.0,B
83,sem28474,Miller,Stephen,stephen.miller@univ.edu,76.0,C
84,bxm17365,Miranda,Brett,brett.miranda@univ.edu,83.0,B
85,kam90876,Moore,Kimberly,kimberly.moore@univ.edu,75.0,C
86,bgm86325,Myers,Brian,brian.myers@univ.edu,76.0,C
87,cxn83965,Nguyen,Cindy,cindy.nguyen@univ.edu,72.0,C
88,dxn21936,Nguyen,Donna,donna.nguyen@univ.edu,73.0,C
89,jxo31236,Odom,John,john.odom@univ.edu,78.0,C
90,tmo55387,Ortega,Tiffany,tiffany.ortega@univ.edu,76.0,C
91,txp55047,Parker,Timothy,timothy.parker@univ.edu,81.0,B
92,mjp68159,Patrick,Mark,mark.patrick@univ.edu,74.0,C
93,njp08545,Patterson,Nicole,nicole.patterson@univ.edu,84.0,B
94,dxp49123,Payne,Douglas,douglas.payne@univ.edu,72.0,C
95,jmp63760,Pena,Jonathan,jonathan.pena@univ.edu,74.0,C
96,jxp06435,Perez,Jeffrey,jeffrey.perez@univ.edu,77.0,C
97,ksp17362,Petersen,Kristin,kristin.petersen@univ.edu,74.0,C
98,mxp86000,Poole,Melissa,melissa.poole@univ.edu,82.0,B
99,bdp78944,Powers,Brooke,brooke.powers@univ.edu,80.0,B
100,rxp56459,Price,Ricardo,ricardo.price@univ.edu,82.0,B
101,txr84689,Ramirez,Timothy,timothy.ramirez@univ.edu,73.0,C
102,tbr17292,Raymond,Troy,troy.raymond@univ.edu,77.0,C
103,lcr30757,Reid,Laura,laura.reid@univ.edu,73.0,C
104,bkr19538,Reilly,Brandy,brandy.reilly@univ.edu,78.0,C
105,bxr62103,Reyes,Bailey,bailey.reyes@univ.edu,77.0,C
106,cxr98775,Reyes,Carol,carol.reyes@univ.edu,81.0,B
107,jxr10806,Reyes,Jason,jason.reyes@univ.edu,76.0,C
108,kpr82051,Rhodes,Kimberly,kimberly.rhodes@univ.edu,79.0,C
109,rkr43763,Rice,Rhonda,rhonda.rice@univ.edu,78.0,C
110,skr62062,Roberts,Steven,steven.roberts@univ.edu,77.0,C
111,akr14831,Rodriguez,Alexander,alexander.rodriguez@univ.edu,81.0,B
112,jsr21334,Rodriguez,John,john.rodriguez@univ.edu,77.0,C
113,sbr74322,Rogers,Sherry,sherry.rogers@univ.edu,77.0,C
114,oxr30270,Rush,Oscar,oscar.rush@univ.edu,67.0,D
115,sxs30610,Sampson,Stephanie,stephanie.sampson@univ.edu,78.0,C
116,bms82804,Sanders,Beth,beth.sanders@univ.edu,72.0,C
117,rxs30280,Saunders,Richard,richard.saunders@univ.edu,76.0,C
118,bxs54690,Schwartz,Billy,billy.schwartz@univ.edu,78.0,C
119,mxs33225,Scott,Michelle,michelle.scott@univ.edu,79.0,C
120,fxs77894,Simpson,Felicia,felicia.simpson@univ.edu,84.0,B
121,aes07091,Smith,Andrea,andrea.smith@univ.edu,80.0,B
122,cjs43553,Smith,Crystal,crystal.smith@univ.edu,77.0,C
123,kxs29884,Smith,Kerry,kerry.smith@univ.edu,76.0,C
124,mxs33416,Smith,Matthew,matthew.smith@univ.edu,74.0,C
125,sxs90647,Smith,Samantha,samantha.smith@univ.edu,73.0,C
126,lxs77616,Sparks,Leslie,leslie.sparks@univ.edu,77.0,C
127,mxs29840,Stevens,Marcia,marcia.stevens@univ.edu,87.0,B
128,mat59156,Taylor,Michael,michael.taylor@univ.edu,71.0,C
129,ajt73762,Terry,Amy,amy.terry@univ.edu,72.0,C
130,txt65366,Terry,Thomas,thomas.terry@univ.edu,80.0,B
131,bxt62105,Thomas,Brandon,brandon.thomas@univ.edu,70.0,C
132,sxt33634,Thomas,Sandra,sandra.thomas@univ.edu,76.0,C
133,jxu45537,Underwood,James,james.underwood@univ.edu,76.0,C
134,sxv18182,Vasquez,Sara,sara.vasquez@univ.edu,67.0,D
135,jxw53347,Walls,Joyce,joyce.walls@univ.edu,74.0,C
136,jxw98212,Walsh,Jill,jill.walsh@univ.edu,72.0,C
137,axw80146,Warren,Angela,angela.warren@univ.edu,77.0,C
138,tsw14969,Warren,Tamara,tamara.warren@univ.edu,84.0,B
139,txw75701,Washington,Travis,travis.washington@univ.edu,78.0,C
140,cxw68726,Watkins,Carol,carol.watkins@univ.edu,75.0,C
141,hsw06874,Watson,Holly,holly.watson@univ.edu,78.0,C
142,hxw92728,Webb,Heather,heather.webb@univ.edu,68.0,D
143,sxw76890,Weber,Samuel,samuel.weber@univ.edu,80.0,B
144,alw07647,White,Amy,amy.white@univ.edu,85.0,B
145,lkw48972,Wilkerson,Levi,levi.wilkerson@univ.edu,82.0,B
146,kxw26270,Williams,Kimberly,kimberly.williams@univ.edu,77.0,C
147,cxw91147,Wolf,Courtney,courtney.wolf@univ.edu,77.0,C
148,jxw87000,Woodard,John,john.woodard@univ.edu,78.0,C
149,jty40106,Young,Joseph,joseph.young@univ.edu,80.0,B
